<?xml version="1.0" encoding="UTF-8" ?>

<project default="displayProperties">
	<property file = "build.properties"/>
	<property name = "somekey" value = "somevalue"/>
	<property name = "myUrl" value = "www.company.com"/>

	<target name="displayProperties">
	
	<!-- User Defined Properties -->
	<echo message="from properties file : ${someanme}"/>	
	<echo message="User defined Properties : somekey : ${somekey}, myUrl : ${myUrl}"/>	
	
	<!-- System Properties -->
		<echo message="System Properties : OS Name : ${os.name}, JVM Vendor : ${java.vm.vendor}" />
		
	<!-- Built-in Properties -->
		<echo message="Built-in Properties : Basedir : ${basedir}, Ant home : ${ant.home}" />
	
	<!-- toString of Types -->
		<fileset id="xmlfiles" dir="." includes="*.xml"/>
		<echo> toString of fielset : ${toString:xmlfiles} </echo>
		
	</target>
	
</project>